
INSERT INTO whtype (id, whtypename) VALUES (0, 'Not Wh-Type');
INSERT INTO whtype (id, whtypename) VALUES (1, 'How');
INSERT INTO whtype (id, whtypename) VALUES (2, 'Why');
INSERT INTO whtype (id, whtypename) VALUES (3, 'What');
INSERT INTO whtype (id, whtypename) VALUES (4, 'Where');
INSERT INTO whtype (id, whtypename) VALUES (5, 'Which');
INSERT INTO whtype (id, whtypename) VALUES (6, 'Who');
INSERT INTO whtype (id, whtypename) VALUES (7, 'Whom');
INSERT INTO whtype (id, whtypename) VALUES (8, 'Whose');
INSERT INTO whtype (id, whtypename) VALUES (9, 'When');

INSERT INTO congnitivelevel (id, congnitivelevelname, description) VALUES (0, 'Unknown', 'description');
INSERT INTO congnitivelevel (id, congnitivelevelname, description) VALUES (1, 'Remembering', 'description');
INSERT INTO congnitivelevel (id, congnitivelevelname, description) VALUES (2, 'Understanding', 'description');
INSERT INTO congnitivelevel (id, congnitivelevelname, description) VALUES (3, 'Applying', 'description');
INSERT INTO congnitivelevel (id, congnitivelevelname, description) VALUES (4, 'Analyzing', 'description');
INSERT INTO congnitivelevel (id, congnitivelevelname, description) VALUES (5, 'Evaluating', 'description');
INSERT INTO congnitivelevel (id, congnitivelevelname, description) VALUES (6, 'Creating', 'description');

INSERT INTO difficultylevel (id, description, difficultylevelname) VALUES (0, 'description', 'Unknown');
INSERT INTO difficultylevel (id, description, difficultylevelname) VALUES (1, 'description', 'Easy');
INSERT INTO difficultylevel (id, description, difficultylevelname) VALUES (2, 'description', 'Medium');
INSERT INTO difficultylevel (id, description, difficultylevelname) VALUES (3, 'description', 'Hard');

INSERT INTO category (ID, categoryname) VALUES (0, 'Unknown');
INSERT INTO category (ID, categoryname) VALUES (1, 'Objective');
INSERT INTO category (ID, categoryname) VALUES (2, 'Subjective');

INSERT INTO questiontype (id, description, questiontypename, category_id) VALUES (0, 'description', 'Unknown', 0);
INSERT INTO questiontype (id, description, questiontypename, category_id) VALUES (1, 'description', 'Fill in the blanks', 1);
INSERT INTO questiontype (id, description, questiontypename, category_id) VALUES (2, 'description', 'Multiple Choice Question', 1);
INSERT INTO questiontype (id, description, questiontypename, category_id) VALUES (3, 'description', 'Match the following', 1);
INSERT INTO questiontype (id, description, questiontypename, category_id) VALUES (4, 'description', 'True or False', 1);
INSERT INTO questiontype (id, description, questiontypename, category_id) VALUES (5, 'description', 'Answer in one word', 1);
INSERT INTO questiontype (id, description, questiontypename, category_id) VALUES (6, 'description', 'Arrange in order', 1);
INSERT INTO questiontype (id, description, questiontypename, category_id) VALUES (7, 'description', 'Definition', 1);
INSERT INTO questiontype (id, description, questiontypename, category_id) VALUES (8, 'description', 'Short Note', 2);
INSERT INTO questiontype (id, description, questiontypename, category_id) VALUES (9, 'description', 'Differentiate/Comparison', 2);
INSERT INTO questiontype (id, description, questiontypename, category_id) VALUES (10, 'description', 'Program Implementation', 2);
INSERT INTO questiontype (id, description, questiontypename, category_id) VALUES (11, 'description', 'Short Answer', 2);
INSERT INTO questiontype (id, description, questiontypename, category_id) VALUES (12, 'description', 'Long Answer', 2);

INSERT INTO keyword (id, word, congnitivelevel_id, questiontype_id) VALUES (0, 'Unknown', 0, 0);
INSERT INTO keyword (id, word, congnitivelevel_id, questiontype_id) VALUES (1, 'produce', 6, 0);
INSERT INTO keyword (id, word, congnitivelevel_id, questiontype_id) VALUES (2, 'create', 6, 0);
INSERT INTO keyword (id, word, congnitivelevel_id, questiontype_id) VALUES (3, 'design', 6, 0);
INSERT INTO keyword (id, word, congnitivelevel_id, questiontype_id) VALUES (4, 'develop', 6, 0);
INSERT INTO keyword (id, word, congnitivelevel_id, questiontype_id) VALUES (5, 'formulate', 6, 0);
INSERT INTO keyword (id, word, congnitivelevel_id, questiontype_id) VALUES (6, 'generate', 6, 0);
INSERT INTO keyword (id, word, congnitivelevel_id, questiontype_id) VALUES (7, 'invent', 6, 0);
INSERT INTO keyword (id, word, congnitivelevel_id, questiontype_id) VALUES (8, 'make', 6, 0);
INSERT INTO keyword (id, word, congnitivelevel_id, questiontype_id) VALUES (9, 'reconstruct', 6, 0);
INSERT INTO keyword (id, word, congnitivelevel_id, questiontype_id) VALUES (10, 'set up', 6, 0);
INSERT INTO keyword (id, word, congnitivelevel_id, questiontype_id) VALUES (11, 'synthesize', 6, 0);
INSERT INTO keyword (id, word, congnitivelevel_id, questiontype_id) VALUES (12, 'program', 6, 10);
INSERT INTO keyword (id, word, congnitivelevel_id, questiontype_id) VALUES (13, 'implement', 6, 10);
INSERT INTO keyword (id, word, congnitivelevel_id, questiontype_id) VALUES (14, 'function', 6, 10);
INSERT INTO keyword (id, word, congnitivelevel_id, questiontype_id) VALUES (15, 'write an algorithm', 6, 10);
INSERT INTO keyword (id, word, congnitivelevel_id, questiontype_id) VALUES (16, 'evaluate', 5, 0);
INSERT INTO keyword (id, word, congnitivelevel_id, questiontype_id) VALUES (17, 'relate', 5, 0);
INSERT INTO keyword (id, word, congnitivelevel_id, questiontype_id) VALUES (18, 'justify', 5, 0);
INSERT INTO keyword (id, word, congnitivelevel_id, questiontype_id) VALUES (19, 'how can you', 5, 0);
INSERT INTO keyword (id, word, congnitivelevel_id, questiontype_id) VALUES (20, 'than', 5, 0);
INSERT INTO keyword (id, word, congnitivelevel_id, questiontype_id) VALUES (21, 'how would you', 5, 0);
INSERT INTO keyword (id, word, congnitivelevel_id, questiontype_id) VALUES (22, 'support', 5, 0);
INSERT INTO keyword (id, word, congnitivelevel_id, questiontype_id) VALUES (23, 'summarize', 5, 0);
INSERT INTO keyword (id, word, congnitivelevel_id, questiontype_id) VALUES (24, 'explain why', 5, 11);
INSERT INTO keyword (id, word, congnitivelevel_id, questiontype_id) VALUES (25, 'compare', 4, 9);
INSERT INTO keyword (id, word, congnitivelevel_id, questiontype_id) VALUES (26, 'differentiate', 4, 9);
INSERT INTO keyword (id, word, congnitivelevel_id, questiontype_id) VALUES (27, 'explain in detail', 4, 12);
INSERT INTO keyword (id, word, congnitivelevel_id, questiontype_id) VALUES (28, 'advantages', 4, 0);
INSERT INTO keyword (id, word, congnitivelevel_id, questiontype_id) VALUES (29, 'disadvantages', 4, 0);
INSERT INTO keyword (id, word, congnitivelevel_id, questiontype_id) VALUES (30, 'merits', 4, 0);
INSERT INTO keyword (id, word, congnitivelevel_id, questiontype_id) VALUES (31, 'distinguish', 4, 9);
INSERT INTO keyword (id, word, congnitivelevel_id, questiontype_id) VALUES (32, 'difference', 4, 9);
INSERT INTO keyword (id, word, congnitivelevel_id, questiontype_id) VALUES (33, 'contrast', 4, 9);
INSERT INTO keyword (id, word, congnitivelevel_id, questiontype_id) VALUES (34, 'demerits', 4, 0);
INSERT INTO keyword (id, word, congnitivelevel_id, questiontype_id) VALUES (35, 'limitations', 4, 0);
INSERT INTO keyword (id, word, congnitivelevel_id, questiontype_id) VALUES (36, 'shortcomings', 4, 0);
INSERT INTO keyword (id, word, congnitivelevel_id, questiontype_id) VALUES (37, 'examine', 4, 0);
INSERT INTO keyword (id, word, congnitivelevel_id, questiontype_id) VALUES (38, 'categorize', 4, 0);
INSERT INTO keyword (id, word, congnitivelevel_id, questiontype_id) VALUES (39, 'construct', 3, 0);
INSERT INTO keyword (id, word, congnitivelevel_id, questiontype_id) VALUES (40, 'draw', 3, 0);
INSERT INTO keyword (id, word, congnitivelevel_id, questiontype_id) VALUES (41, 'find', 3, 0);
INSERT INTO keyword (id, word, congnitivelevel_id, questiontype_id) VALUES (42, 'show', 3, 0);
INSERT INTO keyword (id, word, congnitivelevel_id, questiontype_id) VALUES (43, 'sort', 3, 6);
INSERT INTO keyword (id, word, congnitivelevel_id, questiontype_id) VALUES (44, 'traverse', 3, 0);
INSERT INTO keyword (id, word, congnitivelevel_id, questiontype_id) VALUES (45, 'convert', 3, 0);
INSERT INTO keyword (id, word, congnitivelevel_id, questiontype_id) VALUES (46, 'classify', 2, 0);
INSERT INTO keyword (id, word, congnitivelevel_id, questiontype_id) VALUES (47, 'discuss', 2, 0);
INSERT INTO keyword (id, word, congnitivelevel_id, questiontype_id) VALUES (48, 'explain the', 2, 11);
INSERT INTO keyword (id, word, congnitivelevel_id, questiontype_id) VALUES (49, 'give', 2, 0);
INSERT INTO keyword (id, word, congnitivelevel_id, questiontype_id) VALUES (50, 'note', 2, 8);
INSERT INTO keyword (id, word, congnitivelevel_id, questiontype_id) VALUES (51, 'describe', 2, 11);
INSERT INTO keyword (id, word, congnitivelevel_id, questiontype_id) VALUES (52, 'demonstrate', 2, 0);
INSERT INTO keyword (id, word, congnitivelevel_id, questiontype_id) VALUES (53, 'illustrate', 2, 0);
INSERT INTO keyword (id, word, congnitivelevel_id, questiontype_id) VALUES (54, 'importance', 2, 0);
INSERT INTO keyword (id, word, congnitivelevel_id, questiontype_id) VALUES (55, 'represent', 2, 0);
INSERT INTO keyword (id, word, congnitivelevel_id, questiontype_id) VALUES (56, 'state', 1, 0);
INSERT INTO keyword (id, word, congnitivelevel_id, questiontype_id) VALUES (57, 'define', 1, 7);
INSERT INTO keyword (id, word, congnitivelevel_id, questiontype_id) VALUES (58, 'how do you', 2, 0);
INSERT INTO keyword (id, word, congnitivelevel_id, questiontype_id) VALUES (59, 'list', 1, 0);
INSERT INTO keyword (id, word, congnitivelevel_id, questiontype_id) VALUES (60, 'what', 1, 0);
INSERT INTO keyword (id, word, congnitivelevel_id, questiontype_id) VALUES (61, 'name', 1, 0);
INSERT INTO keyword (id, word, congnitivelevel_id, questiontype_id) VALUES (62, 'recall', 1, 0);
INSERT INTO keyword (id, word, congnitivelevel_id, questiontype_id) VALUES (63, 'when', 1, 0);
INSERT INTO keyword (id, word, congnitivelevel_id, questiontype_id) VALUES (64, 'where', 1, 0);
INSERT INTO keyword (id, word, congnitivelevel_id, questiontype_id) VALUES (65, 'which', 1, 0);
INSERT INTO keyword (id, word, congnitivelevel_id, questiontype_id) VALUES (66, 'who', 1, 5);
INSERT INTO keyword (id, word, congnitivelevel_id, questiontype_id) VALUES (67, 'whose', 1, 5);
INSERT INTO keyword (id, word, congnitivelevel_id, questiontype_id) VALUES (68, 'whom', 1, 5);
INSERT INTO keyword (id, word, congnitivelevel_id, questiontype_id) VALUES (69, 'tell', 1, 0);
INSERT INTO keyword (id, word, congnitivelevel_id, questiontype_id) VALUES (70, 'can', 4, 0);
INSERT INTO keyword (id, word, congnitivelevel_id, questiontype_id) VALUES (71, 'can you', 5, 0);
INSERT INTO keyword (id, word, congnitivelevel_id, questiontype_id) VALUES (72, 'explain how', 4, 11);
INSERT INTO keyword (id, word, congnitivelevel_id, questiontype_id) VALUES (73, 'fill in the blank', 1, 1);
INSERT INTO keyword (id, word, congnitivelevel_id, questiontype_id) VALUES (74, 'complete the sentence', 1, 1);
INSERT INTO keyword (id, word, congnitivelevel_id, questiontype_id) VALUES (75, 'fill the blank', 1, 1);
INSERT INTO keyword (id, word, congnitivelevel_id, questiontype_id) VALUES (76, 'fill the empty space', 1, 1);
INSERT INTO keyword (id, word, congnitivelevel_id, questiontype_id) VALUES (77, 'fill the following', 1, 1);
INSERT INTO keyword (id, word, congnitivelevel_id, questiontype_id) VALUES (78, 'fib', 1, 1);
INSERT INTO keyword (id, word, congnitivelevel_id, questiontype_id) VALUES (79, 'multiple choice', 0, 2);
INSERT INTO keyword (id, word, congnitivelevel_id, questiontype_id) VALUES (80, 'mcq', 0, 2);
INSERT INTO keyword (id, word, congnitivelevel_id, questiontype_id) VALUES (81, 'match the following', 0, 3);
INSERT INTO keyword (id, word, congnitivelevel_id, questiontype_id) VALUES (82, 'true/false', 0, 4);
INSERT INTO keyword (id, word, congnitivelevel_id, questiontype_id) VALUES (83, 'true or false', 0, 4);
INSERT INTO keyword (id, word, congnitivelevel_id, questiontype_id) VALUES (84, 'right/wrong', 0, 4);
INSERT INTO keyword (id, word, congnitivelevel_id, questiontype_id) VALUES (85, 'right or wrong', 0, 4);
INSERT INTO keyword (id, word, congnitivelevel_id, questiontype_id) VALUES (86, 'yes or no', 0, 4);
INSERT INTO keyword (id, word, congnitivelevel_id, questiontype_id) VALUES (87, 'yes/no', 0, 4);
INSERT INTO keyword (id, word, congnitivelevel_id, questiontype_id) VALUES (88, 'correct or not', 0, 4);
INSERT INTO keyword (id, word, congnitivelevel_id, questiontype_id) VALUES (89, 'true or not', 0, 4);
INSERT INTO keyword (id, word, congnitivelevel_id, questiontype_id) VALUES (90, 'right or not', 0, 4);
INSERT INTO keyword (id, word, congnitivelevel_id, questiontype_id) VALUES (91, 'whether', 0, 4);
INSERT INTO keyword (id, word, congnitivelevel_id, questiontype_id) VALUES (92, 'one word answer', 0, 5);
INSERT INTO keyword (id, word, congnitivelevel_id, questiontype_id) VALUES (93, 'answer in one word', 0, 5);
INSERT INTO keyword (id, word, congnitivelevel_id, questiontype_id) VALUES (94, 'answer in 1 word', 0, 5);
INSERT INTO keyword (id, word, congnitivelevel_id, questiontype_id) VALUES (95, 'arrange', 3, 6);
INSERT INTO keyword (id, word, congnitivelevel_id, questiontype_id) VALUES (96, 'ascending order', 3, 6);
INSERT INTO keyword (id, word, congnitivelevel_id, questiontype_id) VALUES (97, 'descending order', 3, 6);
INSERT INTO keyword (id, word, congnitivelevel_id, questiontype_id) VALUES (98, 'write a note', 2, 8);
INSERT INTO keyword (id, word, congnitivelevel_id, questiontype_id) VALUES (99, 'write a short note', 2, 8);
INSERT INTO keyword (id, word, congnitivelevel_id, questiontype_id) VALUES (100, 'write note', 2, 8);
INSERT INTO keyword (id, word, congnitivelevel_id, questiontype_id) VALUES (101, 'write short note', 2, 8);
INSERT INTO keyword (id, word, congnitivelevel_id, questiontype_id) VALUES (102, 'method', 6, 10);
INSERT INTO keyword (id, word, congnitivelevel_id, questiontype_id) VALUES (103, 'explain', 2, 11);
INSERT INTO keyword (id, word, congnitivelevel_id, questiontype_id) VALUES (104, 'devise', 6, 0);
INSERT INTO keyword (id, word, congnitivelevel_id, questiontype_id) VALUES (105, 'plan', 6, 0);
INSERT INTO keyword (id, word, congnitivelevel_id, questiontype_id) VALUES (106, 'do you think', 5, 0);
INSERT INTO keyword (id, word, congnitivelevel_id, questiontype_id) VALUES (107, 'relationship', 4, 0);
INSERT INTO keyword (id, word, congnitivelevel_id, questiontype_id) VALUES (108, 'propose an alternative', 4, 0);
INSERT INTO keyword (id, word, congnitivelevel_id, questiontype_id) VALUES (109, 'estimate', 4, 0);
INSERT INTO keyword (id, word, congnitivelevel_id, questiontype_id) VALUES (110, 'calculate', 4, 0);
INSERT INTO keyword (id, word, congnitivelevel_id, questiontype_id) VALUES (111, 'give an example', 3, 0);
INSERT INTO keyword (id, word, congnitivelevel_id, questiontype_id) VALUES (112, 'provide an example', 3, 0);
INSERT INTO keyword (id, word, congnitivelevel_id, questiontype_id) VALUES (113, 'apply', 3, 0);
INSERT INTO keyword (id, word, congnitivelevel_id, questiontype_id) VALUES (114, 'compute', 3, 0);
INSERT INTO keyword (id, word, congnitivelevel_id, questiontype_id) VALUES (115, 'solve', 3, 0);
INSERT INTO keyword (id, word, congnitivelevel_id, questiontype_id) VALUES (116, 'rearrange', 3, 6);
INSERT INTO keyword (id, word, congnitivelevel_id, questiontype_id) VALUES (117, 'how will you', 3, 0);
INSERT INTO keyword (id, word, congnitivelevel_id, questiontype_id) VALUES (118, 'what would', 3, 0);
INSERT INTO keyword (id, word, congnitivelevel_id, questiontype_id) VALUES (119, 'what will', 3, 0);
INSERT INTO keyword (id, word, congnitivelevel_id, questiontype_id) VALUES (120, 'and why', 2, 0);
INSERT INTO keyword (id, word, congnitivelevel_id, questiontype_id) VALUES (121, 'write a brief', 2, 0);
INSERT INTO keyword (id, word, congnitivelevel_id, questiontype_id) VALUES (122, 'write in brief', 2, 0);
INSERT INTO keyword (id, word, congnitivelevel_id, questiontype_id) VALUES (123, 'explain in brief', 2, 12);
INSERT INTO keyword (id, word, congnitivelevel_id, questiontype_id) VALUES (124, 'give the definition', 1, 7);
INSERT INTO keyword (id, word, congnitivelevel_id, questiontype_id) VALUES (125, 'quote', 1, 0);
INSERT INTO keyword (id, word, congnitivelevel_id, questiontype_id) VALUES (126, 'why did', 1, 0);
INSERT INTO keyword (id, word, congnitivelevel_id, questiontype_id) VALUES (127, 'mean', 1, 7);
INSERT INTO keyword (id, word, congnitivelevel_id, questiontype_id) VALUES (128, 'meaning', 1, 7);
INSERT INTO keyword (id, word, congnitivelevel_id, questiontype_id) VALUES (129, 'prepare', 6, 0);

